{
  "Profiles": [
    {
      "Guid": "dotfiles-solarized-light-001",
      "Name": "Solarized Light",
      "Custom Command": "Yes",
      "Command": "/opt/homebrew/bin/bash -l",
      "Normal Font": "Monaco 12",
      "Horizontal Spacing": 1.0,
      "Vertical Spacing": 1.1,
      "Use Non-ASCII Font": false,
      "ASCII Anti Aliased": true,
      "Non-ASCII Anti Aliased": true,
      "Blinking Cursor": false,
      "Option Key Sends": 2,
      "Right Option Key Sends": 2,
      "Transparency": 0.02,
      "Minimum Contrast": 0,
      "Use Bright Bold": false,
      "Ansi 0 Color": {
        "Red Component": 0.027450980392156862,
        "Green Component": 0.21176470588235294,
        "Blue Component": 0.25882352941176473,
        "Color Space": "sRGB"
      },
      "Ansi 1 Color": {
        "Red Component": 0.86274509803921573,
        "Green Component": 0.19607843137254902,
        "Blue Component": 0.18431372549019609,
        "Color Space": "sRGB"
      },
      "Ansi 2 Color": {
        "Red Component": 0.52156862745098043,
        "Green Component": 0.6,
        "Blue Component": 0.0,
        "Color Space": "sRGB"
      },
      "Ansi 3 Color": {
        "Red Component": 0.70980392156862748,
        "Green Component": 0.53725490196078429,
        "Blue Component": 0.0,
        "Color Space": "sRGB"
      },
      "Ansi 4 Color": {
        "Red Component": 0.14901960784313725,
        "Green Component": 0.54509803921568623,
        "Blue Component": 0.82352941176470584,
        "Color Space": "sRGB"
      },
      "Ansi 5 Color": {
        "Red Component": 0.82745098039215681,
        "Green Component": 0.21176470588235294,
        "Blue Component": 0.50980392156862742,
        "Color Space": "sRGB"
      },
      "Ansi 6 Color": {
        "Red Component": 0.16470588235294117,
        "Green Component": 0.63137254901960782,
        "Blue Component": 0.59607843137254901,
        "Color Space": "sRGB"
      },
      "Ansi 7 Color": {
        "Red Component": 0.73333333333333328,
        "Green Component": 0.70980392156862748,
        "Blue Component": 0.63529411764705879,
        "Color Space": "sRGB"
      },
      "Ansi 8 Color": {
        "Red Component": 0.0,
        "Green Component": 0.16862745098039217,
        "Blue Component": 0.21176470588235294,
        "Color Space": "sRGB"
      },
      "Ansi 9 Color": {
        "Red Component": 0.79607843137254897,
        "Green Component": 0.29411764705882354,
        "Blue Component": 0.08627450980392157,
        "Color Space": "sRGB"
      },
      "Ansi 10 Color": {
        "Red Component": 0.34509803921568627,
        "Green Component": 0.43137254901960786,
        "Blue Component": 0.45882352941176469,
        "Color Space": "sRGB"
      },
      "Ansi 11 Color": {
        "Red Component": 0.39607843137254900,
        "Green Component": 0.48235294117647060,
        "Blue Component": 0.51372549019607838,
        "Color Space": "sRGB"
      },
      "Ansi 12 Color": {
        "Red Component": 0.51372549019607838,
        "Green Component": 0.58039215686274515,
        "Blue Component": 0.58823529411764708,
        "Color Space": "sRGB"
      },
      "Ansi 13 Color": {
        "Red Component": 0.42352941176470588,
        "Green Component": 0.44313725490196076,
        "Blue Component": 0.76862745098039220,
        "Color Space": "sRGB"
      },
      "Ansi 14 Color": {
        "Red Component": 0.57647058823529407,
        "Green Component": 0.63137254901960782,
        "Blue Component": 0.63137254901960782,
        "Color Space": "sRGB"
      },
      "Ansi 15 Color": {
        "Red Component": 0.99215686274509807,
        "Green Component": 0.96470588235294119,
        "Blue Component": 0.89019607843137250,
        "Color Space": "sRGB"
      },
      "Foreground Color": {
        "Red Component": 0.0,
        "Green Component": 0.0,
        "Blue Component": 0.0,
        "Color Space": "sRGB"
      },
      "Background Color": {
        "Red Component": 0.99607843137254903,
        "Green Component": 0.99607843137254903,
        "Blue Component": 0.93333333333333335,
        "Color Space": "sRGB"
      },
      "Cursor Color": {
        "Red Component": 0.39607843137254900,
        "Green Component": 0.48235294117647060,
        "Blue Component": 0.51372549019607838,
        "Color Space": "sRGB"
      },
      "Cursor Text Color": {
        "Red Component": 0.93333333333333335,
        "Green Component": 0.90980392156862744,
        "Blue Component": 0.83529411764705885,
        "Color Space": "sRGB"
      },
      "Selected Text Color": {
        "Red Component": 0.34509803921568627,
        "Green Component": 0.43137254901960786,
        "Blue Component": 0.45882352941176469,
        "Color Space": "sRGB"
      },
      "Selection Color": {
        "Red Component": 0.93333333333333335,
        "Green Component": 0.90980392156862744,
        "Blue Component": 0.83529411764705885,
        "Color Space": "sRGB"
      }
    }
  ]
}
